CVE,ROOTCAUSE,WEAKNESS,IMPACT,VECTOR,ATTACKER,PRODUCT,VERSION,COMPONENT
CVE-2021-0674,incorrect bounds check,out of bounds read,local information disclosure,,,,,alac decoder
CVE-2021-0676,incorrect bounds check,out of bounds read,local information disclosure,,,,,geniezone driver
CVE-2021-0677,integer overflow,out of bounds read,local information disclosure,,,,,ccu driver
CVE-2021-0678,missing bounds check,out of bounds write,local escalation of privilege,,,,,apusys
CVE-2021-0679,missing bounds check,memory corruption,local escalation of privilege,,,,,apusys
CVE-2021-0895,missing bounds check,out of bounds write,local escalation of privilege,,,,,apusys
CVE-2021-0896,missing bounds check,out of bounds write,local escalation of privilege,,,,,apusys
CVE-2021-0900,incorrect bounds check,out of bounds read,local information disclosure,,,,,apusys
CVE-2021-0902,incorrect bounds check,out of bounds read,local information disclosure,,,,,apusys
CVE-2021-0903,missing bounds check,out of bounds write,local escalation of privilege,,,,,apusys
CVE-2021-0955,race condition,memory corruption,local escalation of privilege,,,Android,Android-11,pf_write_buf of FuseDaemon.cpp
CVE-2021-0964,heap buffer overflow,out of bounds write,remote information disclosure,,,Android,Android-10 Android-11 Android-12 Android-9,C2SoftMP3::process() of C2SoftMp3Dec.cpp
CVE-2021-1001,heap buffer overflow,out of bounds read,local information disclosure,,,Android,Android-12,PVInitVideoEncoder of mp4enc_api.cpp
CVE-2021-1047,integer overflow,out of bounds read,local information disclosure,,,Android,Android kernel,valid_ipc_dram_addr of cm_access_control.c
CVE-2021-20038,,Stack-based buffer overflow,potentially execute code as a 'nobody' user,,remote unauthenticated attacker,SMA100 Apache httpd server,"firmware 10.2.0.8-37sv, 10.2.1.1-19sv, 10.2.1.2-24sv and earlier versions",mod_cgi module
CVE-2021-20043,unchecked use of strcat,Heap-based buffer overflow,potentially execute code as the nobody user,,remote authenticated attacker,SonicWall SMA100,,getBookmarks method
CVE-2021-20046,,Stack-based buffer overflow,Denial of Service (DoS) and potentially results in code execution,,remote authenticated attacker,SonicOS,"Gen 5, Gen 6 and Gen 7 firmware versions",HTTP Content-Length response header
CVE-2021-20048,,Stack-based buffer overflow,Denial of Service (DoS) and potentially results in code execution,,remote authenticated attacker,SonicOS,"Gen 5, Gen 6 and Gen 7 firmware versions",SessionID HTTP response header
CVE-2021-21773,missing null check for a size field,out-of-bounds write,memory corruption,specially crafted malformed file,,Accusoft ImageGear,19.8,TIFF header count-processing functionality
CVE-2021-21776,,out-of-bounds write,memory corruption,specially crafted malformed file,,Accusoft ImageGear,19.8,SGI Format Buffer Size Processing functionality
CVE-2021-21782,,out-of-bounds write,memory corruption,specially crafted malformed file,,Accusoft ImageGear,19.8,SGI format buffer size processing functionality
CVE-2021-21793,,out-of-bounds write,memory corruption,specially crafted malformed file,,Accusoft ImageGear,19.8 and 19.9,JPG sof_nb_comp header processing functionality
CVE-2021-21832,,out-of-bounds write,memory corruption,specially crafted malformed file,,Disc Soft Ltd Deamon Tools Pro,8.3.0.0767,ISO Parsing functionality
CVE-2021-21887,,stack-based buffer overflow,remote code execution,specially crafted HTTP request,,Lantronix PremierWave 2050,8.9.0.0R4 (in QEMU),Web Manager SslGenerateCSR functionality
CVE-2021-26112,,stack-based buffer overflow,potentially corrupt control data in memory and execute arbitrary code,specifically crafted requests,unauthenticated attacker,FortiWAN,before 4.5.9,network daemons and command line interpreter
CVE-2021-26252,,Heap buffer overflow,execute arbitrary code and denial of service,,,htmldoc,v1.9.12,pspdf_prepare_page() in ps-pdf.cxx
CVE-2021-26259,,Heap buffer overflow,arbitrary code execution and denial of service,,,htmldoc,v1.9.12,render_table_row() in ps-pdf.cxx
CVE-2021-26347,Failure to validate the integer operand,integer overflow,potential denial of service,,,ASP (AMD Secure Processor),,bootloader
CVE-2021-26384,,out-of-bounds memory reads and writes,potential loss of resources,malformed SMI command,,,,SMI (System Management Interface)
CVE-2021-26386,,corrupt memory,code execution,malformed system call,,,,Stage 2 Bootloader
CVE-2021-26567,,Stack-based buffer overflow,execute arbitrary code,filename and pathname options,local attackers,faad2,before 2.2.7.1,frontend/main.c
CVE-2021-26635,wrong use of the data type,stack buffer overflow,remote code execution,,,ark library,,
CVE-2021-26727,,stack-based buffer overflows,execute arbitrary code with the same privileges as the server user (root),,,Lanner Inc IAC-AST2500A,standard firmware version 1.10.0,SubNet_handler_func function of spx_restservice
CVE-2021-26728,,stack-based buffer overflow,execute arbitrary code with the same privileges as the server user (root),,,Lanner Inc IAC-AST2500A,standard firmware version 1.10.0,KillDupUsr_func function of spx_restservice
CVE-2021-26729,,stack-based buffer overflows,execute arbitrary code with the same privileges as the server user (root),,,Lanner Inc IAC-AST2500A,standard firmware version 1.10.0,Login_handler_func function of spx_restservice
CVE-2021-26730,,stack-based buffer overflow,execute arbitrary code with the same privileges as the server user (root),,,Lanner Inc IAC-AST2500A,standard firmware version 1.10.0,subfunction of the Login_handler_func function of spx_restservice
CVE-2021-26731,,stack-based buffer overflows,execute arbitrary code with the same privileges as the server user (root),,,Lanner Inc IAC-AST2500A,standard firmware version 1.10.0,modifyUserb_func function of spx_restservice
CVE-2021-28237,,heap-buffer overflow,,,,LibreDWG,v0.12.3,decode_preR13
CVE-2021-28277,,Heap-based Buffer Overflow,,,,jhead,3.04 and 3.05,RemoveUnknownSections function in jpgfile.c
CVE-2021-28278,,Heap-based Buffer Overflow,,,,jhead,3.04 and 3.05,RemoveSectionType function in jpgfile.c
CVE-2021-29568,does not validate input arguments before accessing the first element,undefined behavior,,,,TensorFlow,"2.5.0, 2.4.2, 2.3.3, 2.2.3 and 2.1.4",tf.raw_ops.ParameterizedTruncatedNormal
CVE-2021-30289,lack of range check,buffer overflow,,,,Snapdragon,,DIAG command for COEX management
CVE-2021-30311,lack of index validation before allocating and writing to heap buffer,heap overflow,,,,Snapdragon,,
CVE-2021-30349,Improper access control sequence,memory corruption,,,,Snapdragon,,AC database
CVE-2021-30350,Lack of header size verification against input buffer,memory corruption,,,,Snapdragon,,MBN header
CVE-2021-30982,,race condition,unexpected application termination or heap corruption,,remote attacker,macOS,"macOS Monterey 12.1, Security Update 2021-008 Catalina, macOS Big Sur 11.6.2",
CVE-2021-31578,,stack buffer overflow,remote escalation of privilege,,proximal attacker,Boa,,
CVE-2021-31884,assumes that the data supplied with the Hostname DHCP option is NULL terminated,"Out-of-bound reads, writes, and Denial-of-service",,,,DHCP client application,,
CVE-2021-32040,size of the stack frames,stack overflow,crash MongoDB,extremely long aggregation pipeline,,MongoDB Server,"v4.4 prior to and including 4.4.28, v5.0 prior to 5.0.4, v4.2 prior to 4.2.16",aggregation pipeline
CVE-2021-32435,,Stack-based buffer overflow,Denial of Service (DoS),unspecified vectors,remote attackers,abcm2ps,v8.14.11,function get_key in parse.c
CVE-2021-32845,Fails to check the return value,uninitialized memory use,guest crashing the host causing a denial of service and memory corruption,,,HyperKit,0.20210107 and prior,qnotify at pci_vtrnd_notify
CVE-2021-32846,function can return -1 if it finds an error it cannot recover from,uninitialized memory use,guest crashing the host causing a denial of service and memory corruption,,,HyperKit,0.20210107,function pci_vtsock_proc_tx in virtio-sock
CVE-2021-32941,,stack-based buffer overflow,execute arbitrary code with the same privileges as the server user (root),,unauthorized remote attacker,Annke N48PBB (Network Video Recorder),3.4.106 build 200422 and prior,
CVE-2021-33019,,stack-based buffer overflow,execute arbitrary code,processing a specially crafted project file,,Delta Electronics DOPSoft,4.00.11 and prior,
CVE-2021-33438,,stack buffer overflow,,,,mjs (mJS: Restricted JavaScript engine),,json_parse_array() in mjs.c
CVE-2021-33443,,stack buffer overflow,,,,mjs (mJS: Restricted JavaScript engine),,mjs_execute() in mjs.c
CVE-2021-33448,,stack buffer overflow,,,,mjs (mJS: Restricted JavaScript engine),,
CVE-2021-33545,,stack-based buffer overflow,remotely execute arbitrary code,,,"Multiple camera devices by UDP Technology, GeutebrÃ¼ck and other vendors",,counter parameter
CVE-2021-33657,,heap overflow,"crash, denial of service or Code execution",crafting a malicious .BMP file,,SDL (Simple DirectMedia Layer),2.x to 2.0.18,video/SDL_pixels.c
CVE-2021-33912,incorrect sprintf usage,heap-based buffer overflow,execute arbitrary code,crafted SPF DNS record,remote attackers,libspf2,before 1.2.11,SPF_record_expand_data in spf_expand.c
CVE-2021-33913,,heap-based buffer overflow,execute arbitrary code,crafted SPF DNS record,remote attackers,libspf2,before 1.2.11,SPF_record_expand_data in spf_expand.c
CVE-2021-33945,,stack buffer overflow,Denial of Service (DoS),crafted overflow data,,RICOH Printer series SP,v1.06,file /etc/wpa_supplicant.conf
CVE-2021-3434,,Stack based buffer overflow,,,,Zephyr,>= v2.5.0,le_ecred_conn_req()
CVE-2021-34583,,heap-based buffer overflow,denial-of-service condition due to a crash,Crafted web server requests,,CODESYS V2 web server,prior to V1.1.9.22,
CVE-2021-34874,lack of proper validation of user-supplied data,memory corruption,execute arbitrary code,malicious page or file,remote attackers,Bentley View,10.15.0.75,processing of 3DS files
CVE-2021-34934,lack of proper validation of user-supplied data,memory corruption,execute arbitrary code,malicious page or file,remote attackers,Bentley View,10.15.0.75,parsing of JT files
CVE-2021-35005,lack of proper validation of user-supplied data,read past the end of an allocated array,disclose sensitive information,,local attackers,TeamViewer,,TeamViewer service
CVE-2021-35090,TOC TOU race condition when updating address mappings,memory corruption,,,,Snapdragon,,
CVE-2021-35091,improper typecasting while handling page fault for global memory,out of bounds read,,,,Snapdragon,,
CVE-2021-35098,Improper validation of session id,memory corruption,,,,Snapdragon,,PCM routing process
CVE-2021-35110,improper validation of hash segment of file while allocating memory,buffer overflow,,,,Snapdragon,,
CVE-2021-35120,Improper handling between export and release functions on the same handle from client,use after free,,,,Snapdragon,,
CVE-2021-35121,improper validation of array index,Use After Free,,,,Snapdragon,,Synx driver
CVE-2021-35132,improper bound check for response buffer size,Out of bound write,,,,Snapdragon,,DSP service
CVE-2021-3575,,heap-based buffer overflow,execute arbitrary code,crafted .j2k file,,openjpeg,,color.c:379:42 in sycc420_to_rgb
CVE-2021-3609,,race condition,"corrupt memory, crash the system or escalate privileges",,local attacker,Linux kernel,,"CAN BCM networking protocol, net/can/bcm.c"
CVE-2021-3610,incorrect setting of the pixel array size,heap-based buffer overflow,crash and segmentation fault,,,ImageMagick,prior to 7.0.11-14,ReadTIFFImage() in coders/tiff.c
CVE-2021-3611,,stack overflow,"crash the QEMU process, denial of service",,malicious guest,QEMU,prior to 7.0.0,Intel HD Audio device (intel-hda)
CVE-2021-36173,,heap-based buffer overflow,execute arbitrary code,specially crafted installation images,,FortiOS,"7.0.1, 7.0.0, 6.4.0 through 6.4.6, 6.2.0 through 6.2.9, and 6.0.0 through 6.0.13",firmware signature verification function
CVE-2021-36193,,stack-based buffer overflows,arbitrary code execution,specially crafted commands,authenticated attacker,FortiWeb,before 6.4.2,command line interpreter
CVE-2021-36194,,stack-based buffer overflows,arbitrary code execution,specially crafted requests,authenticated attacker,FortiWeb,"6.4.1, 6.4.0, and 6.3.0 through 6.3.15",API controllers
CVE-2021-3622,,stack overflow,,specially crafted Windows Registry (hive) file,,hivex library,,_get_children() function
CVE-2021-36347,,stack-based buffer overflow,control process execution and gain access to the iDRAC operating system,,authenticated remote attacker with high privileges,"iDRAC9, iDRAC8","iDRAC9 prior to 5.00.20.00, iDRAC8 prior to 2.82.82.82",
CVE-2021-36412,,heap-based buffer overflow,,crafted file in the MP4Box command,,GPAC,1.0.1,gp_rtp_builder_do_mpeg12_video function in MP4Box
CVE-2021-36417,,heap-based buffer overflow,denial of service or execute arbitrary code,crafted file,,GPAC,v1.0.1,gf_isom_dovi_config_get function in MP4Box
CVE-2021-36613,NULL pointer dereference,memory corruption,Denial of Service,,authenticated remote attacker,Mikrotik RouterOs,before stable 6.48.2,ptp process
CVE-2021-36614,NULL pointer dereference,memory corruption,Denial of Service,,authenticated remote attacker,Mikrotik RouterOs,before stable 6.48.2,tr069-client process
CVE-2021-3674,,out of bounds reads,memory corruption and possibly code execution,Crafted values in the headers,,rizin,,create_section_from_phdr function
CVE-2021-36762,function doesn't ensure that a filename is adequately '\\0' terminated,out of bounds read,,,,HCC Embedded InterNiche NicheStack,through 4.3,tfshnd():tftpsrv.c TFTP packet processing function
CVE-2021-3700,,use-after-free,,serializing large amounts of buffered write data in the case of a slow or blocked destination,,usbredir,prior to 0.11.0,usbredirparser_serialize() in usbredirparser/usbredirparser.c
CVE-2021-37014,,Stack-based Buffer Overflow,device cannot be used properly,,,Huawei Smartphone,,
CVE-2021-37020,,Stack-based Buffer Overflow,Out-of-bounds read,,,Huawei Smartphone,,
CVE-2021-37021,,Stack-based Buffer Overflow,Out-of-bounds read,,,Huawei Smartphone,,
CVE-2021-37041,Improper verification,out-of-bounds read,,,,Huawei Smartphone,,
CVE-2021-37042,Improper verification,out-of-bounds read,,,,Huawei Smartphone,,
CVE-2021-37049,,Heap-based buffer overflow,rewrite the memory of adjacent objects,,,Huawei Smartphone,,
CVE-2021-37404,,heap buffer overflow,denial of service or arbitrary code execution,Opening a file path provided by user without validation,,Apache Hadoop,,libhdfs native code
CVE-2021-3752,race condition,use-after-free,crash the system or escalate privileges,connect to the socket and disconnect simultaneously,user,Linux kernel,,Bluetooth subsystem
CVE-2021-3782,reference count overflow,use-after-free,,,,,,
CVE-2021-38005,,use after free,potentially exploit heap corruption,crafted HTML page,remote attacker,Google Chrome,prior to 96.0.4664.45,loader
CVE-2021-38006,,use after free,potentially exploit heap corruption,crafted HTML page,remote attacker,Google Chrome,prior to 96.0.4664.45,storage foundation
CVE-2021-38007,,Type confusion,potentially exploit heap corruption,crafted HTML page,remote attacker,Google Chrome,prior to 96.0.4664.45,V8
CVE-2021-38008,,Use after free,potentially exploit heap corruption,crafted HTML page,remote attacker,Google Chrome,prior to 96.0.4664.45,media
CVE-2021-38011,,Use after free,potentially exploit heap corruption,crafted HTML page,remote attacker,Google Chrome,prior to 96.0.4664.45,storage foundation
CVE-2021-38012,,Type confusion,potentially exploit heap corruption,crafted HTML page,remote attacker,Google Chrome,prior to 96.0.4664.45,V8
CVE-2021-38013,,Heap buffer overflow,potentially perform a sandbox escape,crafted HTML page,remote attacker who had compromised a WebUI renderer process,Google Chrome on ChromeOS,prior to 96.0.4664.45,fingerprint recognition
CVE-2021-38014,,Out of bounds write,potentially exploit heap corruption,crafted HTML page,remote attacker,Google Chrome,prior to 96.0.4664.45,Swiftshader
CVE-2021-3826,,Heap/stack buffer overflow,denial of service (segmentation fault and crash),crafted mangled symbol,,libiberty,,dlang_lname function in d-demangle.c
CVE-2021-3835,,Heap-based Buffer Overflow,,,,Zephyr,>= v2.6.0,usb device class
CVE-2021-3861,,Heap-based Buffer Overflow,,,,Zephyr,>= v2.6.0,RNDIS USB device class
CVE-2021-38682,,stack buffer overflow,execute arbitrary code,,,QNAP device,,"QVR Elite, QVR Pro, QVR Guard"
CVE-2021-38687,,stack buffer overflow,execute arbitrary code,,,QNAP NAS,,Surveillance Station
CVE-2021-38689,,stack buffer overflow,execute arbitrary code,,,QNAP device,,"QVR Elite, QVR Pro, QVR Guard"
CVE-2021-38690,,stack buffer overflow,execute arbitrary code,,,QNAP device,,"QVR Elite, QVR Pro, QVR Guard"
CVE-2021-38691,,stack buffer overflow,execute arbitrary code,,,QNAP device,,"QVR Elite, QVR Pro, QVR Guard"
CVE-2021-38692,,stack buffer overflow,execute arbitrary code,,,QNAP device,,"QVR Elite, QVR Pro, QVR Guard"
CVE-2021-39048,improper bounds checking,stack based buffer overflow,denial of service,,local attacker,IBM Spectrum Protect Client,7.1 and 8.1,
CVE-2021-39049,improper bounds checking,stack-based buffer overflow,gain lower level privileges,,local attacker,IBM i2 Analyst's Notebook,"9.2.0, 9.2.1, and 9.2.2",
CVE-2021-39050,improper bounds checking,stack-based buffer overflow,gain lower level privileges,,local attacker,IBM i2 Analyst's Notebook,"9.2.0, 9.2.1, and 9.2.2",
CVE-2021-39306,,stack buffer overflow,,big size Authentication challenge text in WEP security,,Realtek RTL8195AM device,before 2.0.10,client code
CVE-2021-3942,,buffer overflow,potential remote code execution,use of Link-Local Multicast Name Resolution or LLMNR,,HP Print products and Digital Sending products,,
CVE-2021-39623,incorrect bounds check,out of bounds write,remote escalation of privilege,,,Android,Android-10 Android-11 Android-12 Android-9,doRead of SimpleDecodingSource.cpp
CVE-2021-39642,race condition,out of bounds write,local escalation of privilege,,,Android,Android kernel,synchronous_process_io_entries of lwis_ioctl.c
CVE-2021-39667,,heap buffer overflow,remote information disclosure,,,Android,Android-10 Android-11 Android-12,ih264d_parse_decode_slice of ih264d_parse_slice.c
CVE-2021-39671,uninitialized data,out of bounds read,information disclosure,,,Android,Android-12,code generated by aidl_const_expressions.cpp
CVE-2021-39675,,heap buffer overflow,remote escalation of privilege,,,Android,Android-12,GKI_getbuf of gki_buffer.cc
CVE-2021-39688,,out of bounds read,local information disclosure,,,Android,Android kernel,
CVE-2021-39708,incorrect bounds check,out of bounds write,remote escalation of privilege,,,Android,Android-12,gatt_process_notification of gatt_cl.cc
CVE-2021-39712,race condition,use after free,local escalation of privilege,,,Android,Android kernel,
CVE-2021-39735,race condition,memory corruption,local escalation of privilege,,,Android,Android kernel,gasket_alloc_coherent_memory of gasket_page_table.c
CVE-2021-39762,integer overflow,out of bounds read,remote information disclosure,,,Android,Android-12L,tremolo
CVE-2021-39805,missing bounds check,out of bounds read,remote information disclosure through Bluetooth,,,Android,Android-12 Android-12L,l2cble_process_sig_cmd of l2c_ble.cc
CVE-2021-39812,use after free,out of bounds read,local escalation of privilege,,,Android,Android kernel,
CVE-2021-39820,insecure handling,Out-of-bounds Write,arbitrary code execution,malicious TIFF file,,Adobe InDesign,"16.3 (and earlier), and 16.3.1 (and earlier)",
CVE-2021-3999,,off-by-one buffer overflow and underflow,"memory corruption, potentially execute arbitrary code and escalate privileges",control the input buffer and size passed to getcwd() in a setuid program,local attacker,glibc,,getcwd()
CVE-2021-39990,,Stack-based Buffer Overflow,affect user experience,,,,,screen lock module
CVE-2021-39996,,Heap-based buffer overflow,memory overflow,,,,,NFC module in smartphones
CVE-2021-40010,,heap overflow,malicious code execution,,,,,bone voice ID TA
CVE-2021-40014,,heap overflow,affect data confidentiality,,,,,bone voice ID trusted application (TA)
CVE-2021-40026,,Heap-based buffer overflow,affect service integrity,,,,,AOD module in smartphones
CVE-2021-40057,,heap-based and stack-based buffer overflow,affect availability,,,,,video framework
CVE-2021-40058,,heap-based buffer overflow,affect availability,,,,,video framework
CVE-2021-40060,,heap-based buffer overflow,affect availability,,,,,video framework
CVE-2021-40064,,heap-based buffer overflow,affect system stability,,,,,system components
CVE-2021-40161,,Memory Corruption,code execution,maliciously crafted DLL files,,PDFTron,earlier than 9.0.7,
CVE-2021-40164,,heap-based buffer overflow,execute arbitrary code,"parsing TIFF, PICT, TGA, or RLC files",,,,
CVE-2021-40167,read access violation,memory corruption,code execution,malicious crafted dwf or .pct file,,DesignReview.exe,,
CVE-2021-40393,,out-of-bounds write,code execution,specially-crafted gerber file,,Gerbv,2.7.0 and dev (commit b5f1eacd) and the forked version (commit 71493260),RS-274X aperture macro variables handling functionality
CVE-2021-40401,The aperture type is parsed using strtok but the ad variable is not compared against NULL,use-after-free,code execution,specially-crafted gerber file,,Gerbv,2.7.0 and dev (commit b5f1eacd) and Gerbv forked 2.7.1,RS-274X aperture definition tokenization functionality
CVE-2021-40417,integer overflow in buffer size calculation,heap-based buffer overflow,code execution,,,DPDecoder service,,
CVE-2021-4052,,Use after free,potentially exploit heap corruption,crafted Chrome Extension,,Google Chrome,prior to 96.0.4664.93,web apps
CVE-2021-4053,,Use after free,potentially exploit heap corruption,crafted HTML page,remote attacker,Google Chrome on Linux,prior to 96.0.4664.93,UI
CVE-2021-4055,,Heap buffer overflow,potentially exploit heap corruption,crafted Chrome Extension,,Google Chrome,prior to 96.0.4664.93,extensions
CVE-2021-40556,strcat function called by caupload input handle function allowing user to enter 0xFFFF bytes into the stack,stack overflow,execute commands remotely,,,ASUS RT-AX56U Router,3.0.0.4.386.44266,httpd service
CVE-2021-4056,,Type confusion,potentially exploit heap corruption,crafted HTML page,remote attacker,Google Chrome,prior to 96.0.4664.93,loader
CVE-2021-4057,,Use after free,potentially exploit heap corruption,crafted HTML page,remote attacker who had compromised the renderer process,Google Chrome,prior to 96.0.4664.93,file API
CVE-2021-4058,,Heap buffer overflow,potentially exploit heap corruption,crafted HTML page,remote attacker,Google Chrome,prior to 96.0.4664.93,ANGLE
CVE-2021-4061,,Type confusion,potentially exploit heap corruption,crafted HTML page,remote attacker,Google Chrome,prior to 96.0.4664.93,V8
CVE-2021-4062,,Heap buffer overflow,potentially exploit heap corruption,crafted HTML page,remote attacker who had compromised the renderer process,Google Chrome,prior to 96.0.4664.93,BFCache
CVE-2021-4063,,Use after free,potentially exploit heap corruption,crafted HTML page,remote attacker,Google Chrome,prior to 96.0.4664.93,developer tools
CVE-2021-4064,,Use after free,potentially exploit heap corruption,crafted HTML page,remote attacker,Google Chrome on ChromeOS,prior to 96.0.4664.93,screen capture
CVE-2021-4065,,Use after free,potentially exploit heap corruption,crafted HTML page,remote attacker,Google Chrome,prior to 96.0.4664.93,autofill
CVE-2021-4066,,Integer underflow,potentially exploit heap corruption,crafted HTML page,remote attacker,Google Chrome,prior to 96.0.4664.93,ANGLE
CVE-2021-4067,,Use after free,potentially exploit heap corruption,crafted HTML page,remote attacker,Google Chrome on ChromeOS,prior to 96.0.4664.93,window manager
CVE-2021-40734,,memory corruption,arbitrary code execution,parsing a SVG file,,Adobe Audition,14.4 (and earlier),
CVE-2021-40735,,memory corruption,arbitrary code execution,,,Adobe Audition,14.4 (and earlier),
CVE-2021-40736,,memory corruption,arbitrary code execution,,,Adobe Audition,14.4 (and earlier),
CVE-2021-40738,,memory corruption,arbitrary code execution,parsing a WAV file,,Adobe Audition,14.4 (and earlier),
CVE-2021-40739,,memory corruption,arbitrary code execution,parsing a M4A file,,Adobe Audition,14.4 (and earlier),
CVE-2021-40740,,memory corruption,arbitrary code execution,parsing a M4A file,,Adobe Audition,14.4 (and earlier),
CVE-2021-40763,,memory corruption,arbitrary code execution,parsing a WAF file,,Adobe Character Animator,4.4 (and earlier),
CVE-2021-40764,,memory corruption,arbitrary code execution,parsing a M4A file,,Adobe Character Animator,4.4 (and earlier),
CVE-2021-40777,insecure handling,memory corruption,arbitrary code execution,malicious file,,Adobe Media Encoder,15.4.1 (and earlier),
CVE-2021-40779,insecure handling,memory corruption,arbitrary code execution,malicious file,,Adobe Media Encoder,15.4.1 (and earlier),
CVE-2021-4078,,Type confusion,potentially exploit heap corruption,crafted HTML page,remote attacker,Google Chrome,prior to 96.0.4664.93,V8
CVE-2021-40780,insecure handling,memory corruption,arbitrary code execution,malicious file,,Adobe Media Encoder,15.4.1 (and earlier),
CVE-2021-40783,insecure handling,memory corruption,arbitrary code execution,malicious WAV file,,Adobe Premiere Rush,1.5.16 (and earlier),
CVE-2021-40784,insecure handling,memory corruption,arbitrary code execution,malicious WAV file,,Adobe Premiere Rush,1.5.16 (and earlier),
CVE-2021-40786,insecure handling,memory corruption,arbitrary code execution,malicious file,,Adobe Premiere Elements,20210809.daily.2242976 (and earlier),
CVE-2021-40787,insecure handling,memory corruption,arbitrary code execution,malicious file,,Adobe Premiere Elements,20210809.daily.2242976 (and earlier),
CVE-2021-4079,,Out of bounds write,potentially exploit heap corruption,crafted WebRTC packets,remote attacker,Google Chrome,prior to 96.0.4664.93,WebRTC
CVE-2021-40792,insecure handling,memory corruption,arbitrary code execution,malicious file,,Adobe Premiere Pro,15.4.1 (and earlier),
CVE-2021-40793,insecure handling,memory corruption,arbitrary code execution,malicious file,,Adobe Premiere Pro,15.4.1 (and earlier),
CVE-2021-40794,insecure handling,memory corruption,arbitrary code execution,malicious file,,Adobe Premiere Pro,15.4.1 (and earlier),
CVE-2021-4083,race condition when users call close() and fget() simultaneously,read-after-free,crash the system or escalate privileges,,local user,Linux kernel,prior to 5.16-rc4,garbage collection for Unix domain socket file handlers
CVE-2021-4093,,out-of-bounds reads and writes,crash of the entire system or potential guest-to-host escape,malicious VMGEXIT for a string I/O instruction,KVM guest using SEV-ES,KVM,,AMD code for supporting the Secure Encrypted Virtualization-Encrypted State (SEV-ES)
CVE-2021-4099,,Use after free,potentially exploit heap corruption,crafted HTML page,remote attacker,Google Chrome,prior to 96.0.4664.110,Swiftshader
CVE-2021-4100,,Object lifecycle issue,potentially exploit heap corruption,crafted HTML page,remote attacker,Google Chrome,prior to 96.0.4664.110,ANGLE
CVE-2021-4101,,Heap buffer overflow,potentially exploit heap corruption,crafted HTML page,remote attacker,Google Chrome,prior to 96.0.4664.110,Swiftshader
CVE-2021-41017,,heap-based buffer overflow,execute arbitrary code or commands,specifically crafted HTTP requests,remote authenticated attacker,FortiWeb,"6.4.1, 6.4.0, and 6.3.0 through 6.3.15",web API controllers
CVE-2021-4102,,Use after free,potentially exploit heap corruption,crafted HTML page,remote attacker,Google Chrome,prior to 96.0.4664.110,V8
CVE-2021-41027,,stack-based buffer overflow,execute unauthorized code or commands,crafted certificates loaded into the device,authenticated attacker,Fortinet FortiWeb,6.4.1 and 6.4.0,
CVE-2021-4129,,memory safety bugs,"memory corruption, potentially run arbitrary code",,,"Firefox, Firefox ESR, Thunderbird","Firefox < 95, Firefox ESR < 91.4.0, and Thunderbird < 91.4.0",
CVE-2021-41396,,heap-based buffer overflow,DoS attack,huge number of incoming socket connections in a short time,,Live555,through 1.08,error-handling module
CVE-2021-41458,,stack buffer overflow,denial of service,,,GPAC MP4Box,v1.1.0,src/utils/error.c:1769
CVE-2021-4156,,out-of-bounds read,"crash, potentially leak memory information",specially crafted file,,libsndfile,,FLAC codec functionality
CVE-2021-41736,,heap-buffer overflow,,,,Faust,v2.35.0,function realPropagate() at propagate.cpp
CVE-2021-41752,unbounded recursive call,Stack overflow,,,,Jerryscript,"before commit e1ce7dd7271288be8c0c8136eea9107df73a8ce2 on Oct 20, 2021",new opt() function
CVE-2021-41987,,heap-based buffer overflow,remote code execution,,,Mikrotik RouterOS,"6.46.8, 6.47.9, and 6.47.10",SCEP Server
CVE-2021-42059,,stack-based buffer overflow,arbitrary code execution,,,Insyde InsydeH2O,"Kernel 5.0 before 05.08.41, Kernel 5.1 before 05.16.41, Kernel 5.2 before 05.26.41, Kernel 5.3 before 05.35.41, and Kernel 5.4 before 05.42.20",UEFI DisplayTypeDxe DXE driver
CVE-2021-4206,integer overflow,heap-based buffer overflow,crash the QEMU process on the host or potentially execute arbitrary code,,malicious privileged guest user,QEMU,,"QXL display device emulation, cursor_alloc() function"
CVE-2021-4207,double fetch of guest controlled values,heap-based buffer overflow,crash the QEMU process on the host or potentially execute arbitrary code,,malicious privileged guest user,QEMU,,QXL display device emulation
CVE-2021-4214,,heap overflow,"application crash, denial of service",specially crafted PNG file,,libpng,,pngimage.c program
CVE-2021-42199,,heap buffer overflow,code execution,,,swftools,through 20201222,swf_FontExtract_DefineTextCallback() in swftext.c
CVE-2021-42341,"uses the direct output of strlen() to allocate strings, which does not account for the '\\0' byte",memory corruption,,,,OpenRC,before 0.44.7,checkpath
CVE-2021-42526,insecure handling,memory corruption,arbitrary code execution,malicious file,,Adobe Premiere Elements,20210809.daily.2242976 (and earlier),
CVE-2021-42527,insecure handling,memory corruption,arbitrary code execution,malicious file,,Adobe Premiere Elements,20210809.daily.2242976 (and earlier),
CVE-2021-42554,,SMM memory corruption,escalating privileges to SMM,,,Insyde InsydeH2O,"Kernel 5.0 before 05.08.42, Kernel 5.1 before 05.16.42, Kernel 5.2 before 05.26.42, Kernel 5.3 before 05.35.42, Kernel 5.4 before 05.42.51, and Kernel 5.5 before 05.50.51",FvbServicesRuntimeDxe
CVE-2021-42585,,heap buffer overflow,,crafted dwg file,,dwgread,before 0.12.4,copy_compressed_bytes in decode_r2007.c
CVE-2021-42586,,heap buffer overflow,,crafted dwg file,,dwgread,before 0.12.4,copy_bytes in decode_r2007.c
CVE-2021-42724,insecure handling,memory corruption,arbitrary code execution,malicious file,,Adobe Bridge,11.1.1 (and earlier),
CVE-2021-42725,insecure handling,memory corruption,arbitrary code execution,malicious M4A file,,Adobe Bridge,11.1.1 (and earlier),
CVE-2021-42727,insecure handling,stack overflow,arbitrary code execution,crafted file,,Adobe Bridge,11.1.1 (and earlier),
CVE-2021-42728,insecure handling,stack overflow,arbitrary code execution,crafted file,,Adobe Bridge,11.1.1 (and earlier),
CVE-2021-42729,insecure handling,memory corruption,arbitrary code execution,malicious WAV file,,Adobe Bridge,11.1.1 (and earlier),
CVE-2021-42730,insecure handling,memory corruption,arbitrary code execution,malicious PSD file,,Adobe Bridge,11.1.1 (and earlier),
CVE-2021-42739,mishandles bounds checking,buffer overflow,,,,Linux kernel,through 5.14.13,"firewire subsystem, avc_ca_pmt in drivers/media/firewire/firedtv-avc.c and drivers/media/firewire/firedtv-ci.c"
CVE-2021-42756,,stack-based buffer overflow,arbitrary code execution,specifically crafted HTTP requests,unauthenticated remote attacker,FortiWeb,"5.x all versions, 6.0.7 and below, 6.1.2 and below, 6.2.6 and below, 6.3.16 and below, 6.4 all versions",proxy daemon
CVE-2021-42757,,buffer overflow,arbitrary code execution,specially crafted command line arguments,authenticated local attacker,FortiOS,before 6.4.7 and 7.0.0 through 7.0.2,TFTP client library
CVE-2021-42781,,Heap buffer overflow,potentially crash programs using the library,,,Opensc,before 0.22.0,pkcs15-oberthur.c
CVE-2021-42782,,Stack buffer overflow,potentially crash programs using the library,,,Opensc,before 0.22.0,various places
CVE-2021-40777,insecure handling,memory corruption,arbitrary code execution,malicious file,,Adobe Media Encoder,15.4.1 (and earlier),
CVE-2021-40779,insecure handling,memory corruption,arbitrary code execution,malicious file,,Adobe Media Encoder,15.4.1 (and earlier),
CVE-2021-4078,,Type confusion,potentially exploit heap corruption,crafted HTML page,remote attacker,Google Chrome,prior to 96.0.4664.93,V8
CVE-2021-40780,insecure handling,memory corruption,arbitrary code execution,malicious file,,Adobe Media Encoder,15.4.1 (and earlier),
CVE-2021-40783,insecure handling,memory corruption,arbitrary code execution,malicious WAV file,,Adobe Premiere Rush,1.5.16 (and earlier),
CVE-2021-40784,insecure handling,memory corruption,arbitrary code execution,malicious WAV file,,Adobe Premiere Rush,1.5.16 (and earlier),
CVE-2021-40786,insecure handling,memory corruption,arbitrary code execution,malicious file,,Adobe Premiere Elements,20210809.daily.2242976 (and earlier),
CVE-2021-40787,insecure handling,memory corruption,arbitrary code execution,malicious file,,Adobe Premiere Elements,20210809.daily.2242976 (and earlier),
CVE-2021-4079,,Out of bounds write,potentially exploit heap corruption,crafted WebRTC packets,remote attacker,Google Chrome,prior to 96.0.4664.93,WebRTC
CVE-2021-40792,insecure handling,memory corruption,arbitrary code execution,malicious file,,Adobe Premiere Pro,15.4.1 (and earlier),
CVE-2021-40793,insecure handling,memory corruption,arbitrary code execution,malicious file,,Adobe Premiere Pro,15.4.1 (and earlier),
CVE-2021-40794,insecure handling,memory corruption,arbitrary code execution,malicious file,,Adobe Premiere Pro,15.4.1 (and earlier),
CVE-2021-4083,race condition when users call close() and fget() simultaneously,read-after-free,crash the system or escalate privileges,,local user,Linux kernel,prior to 5.16-rc4,garbage collection for Unix domain socket file handlers
CVE-2021-4093,,out-of-bounds reads and writes,crash of the entire system or potential guest-to-host escape,malicious VMGEXIT for a string I/O instruction,KVM guest using SEV-ES,KVM,,AMD code for supporting the Secure Encrypted Virtualization-Encrypted State (SEV-ES)
CVE-2021-4099,,Use after free,potentially exploit heap corruption,crafted HTML page,remote attacker,Google Chrome,prior to 96.0.4664.110,Swiftshader
CVE-2021-4100,,Object lifecycle issue,potentially exploit heap corruption,crafted HTML page,remote attacker,Google Chrome,prior to 96.0.4664.110,ANGLE
CVE-2021-4101,,Heap buffer overflow,potentially exploit heap corruption,crafted HTML page,remote attacker,Google Chrome,prior to 96.0.4664.110,Swiftshader
CVE-2021-41017,,heap-based buffer overflow,execute arbitrary code or commands,specifically crafted HTTP requests,remote authenticated attacker,FortiWeb,"6.4.1, 6.4.0, and 6.3.0 through 6.3.15",web API controllers
CVE-2021-4102,,Use after free,potentially exploit heap corruption,crafted HTML page,remote attacker,Google Chrome,prior to 96.0.4664.110,V8
CVE-2021-41027,,stack-based buffer overflow,execute unauthorized code or commands,crafted certificates loaded into the device,authenticated attacker,Fortinet FortiWeb,6.4.1 and 6.4.0,
CVE-2021-4129,,memory safety bugs,"memory corruption, potentially run arbitrary code",,,"Firefox, Firefox ESR, Thunderbird","Firefox < 95, Firefox ESR < 91.4.0, and Thunderbird < 91.4.0",
CVE-2021-41396,,heap-based buffer overflow,DoS attack,huge number of incoming socket connections in a short time,,Live555,through 1.08,error-handling module
CVE-2021-41458,,stack buffer overflow,denial of service,,,GPAC MP4Box,v1.1.0,src/utils/error.c:1769
CVE-2021-4156,,out-of-bounds read,"crash, potentially leak memory information",specially crafted file,,libsndfile,,FLAC codec functionality
CVE-2021-41736,,heap-buffer overflow,,,,Faust,v2.35.0,function realPropagate() at propagate.cpp
CVE-2021-41752,unbounded recursive call,Stack overflow,,,,Jerryscript,"before commit e1ce7dd7271288be8c0c8136eea9107df73a8ce2 on Oct 20, 2021",new opt() function
CVE-2021-41987,,heap-based buffer overflow,remote code execution,,,Mikrotik RouterOS,"6.46.8, 6.47.9, and 6.47.10",SCEP Server
CVE-2021-42059,,stack-based buffer overflow,arbitrary code execution,,,Insyde InsydeH2O,"Kernel 5.0 before 05.08.41, Kernel 5.1 before 05.16.41, Kernel 5.2 before 05.26.41, Kernel 5.3 before 05.35.41, and Kernel 5.4 before 05.42.20",UEFI DisplayTypeDxe DXE driver
CVE-2021-4206,integer overflow,heap-based buffer overflow,crash the QEMU process on the host or potentially execute arbitrary code,,malicious privileged guest user,QEMU,,"QXL display device emulation, cursor_alloc() function"
CVE-2021-4207,double fetch of guest controlled values,heap-based buffer overflow,crash the QEMU process on the host or potentially execute arbitrary code,,malicious privileged guest user,QEMU,,QXL display device emulation
CVE-2021-4214,,heap overflow,"application crash, denial of service",specially crafted PNG file,,libpng,,pngimage.c program
CVE-2021-42199,,heap buffer overflow,code execution,,,swftools,through 20201222,swf_FontExtract_DefineTextCallback() in swftext.c
CVE-2021-42341,"uses the direct output of strlen() to allocate strings, which does not account for the '\\0' byte",memory corruption,,,,OpenRC,before 0.44.7,checkpath
CVE-2021-42526,insecure handling,memory corruption,arbitrary code execution,malicious file,,Adobe Premiere Elements,20210809.daily.2242976 (and earlier),
CVE-2021-42527,insecure handling,memory corruption,arbitrary code execution,malicious file,,Adobe Premiere Elements,20210809.daily.2242976 (and earlier),
CVE-2021-42554,,SMM memory corruption,escalating privileges to SMM,,,Insyde InsydeH2O,"Kernel 5.0 before 05.08.42, Kernel 5.1 before 05.16.42, Kernel 5.2 before 05.26.42, Kernel 5.3 before 05.35.42, Kernel 5.4 before 05.42.51, and Kernel 5.5 before 05.50.51",FvbServicesRuntimeDxe
CVE-2021-42585,,heap buffer overflow,,crafted dwg file,,dwgread,before 0.12.4,copy_compressed_bytes in decode_r2007.c
CVE-2021-42586,,heap buffer overflow,,crafted dwg file,,dwgread,before 0.12.4,copy_bytes in decode_r2007.c
CVE-2021-42724,insecure handling,memory corruption,arbitrary code execution,malicious file,,Adobe Bridge,11.1.1 (and earlier),
CVE-2021-42725,insecure handling,memory corruption,arbitrary code execution,malicious M4A file,,Adobe Bridge,11.1.1 (and earlier),
CVE-2021-42727,insecure handling,stack overflow,arbitrary code execution,crafted file,,Adobe Bridge,11.1.1 (and earlier),
CVE-2021-42728,insecure handling,stack overflow,arbitrary code execution,crafted file,,Adobe Bridge,11.1.1 (and earlier),
CVE-2021-42729,insecure handling,memory corruption,arbitrary code execution,malicious WAV file,,Adobe Bridge,11.1.1 (and earlier),
CVE-2021-42730,insecure handling,memory corruption,arbitrary code execution,malicious PSD file,,Adobe Bridge,11.1.1 (and earlier),
CVE-2021-42739,mishandles bounds checking,buffer overflow,,,,Linux kernel,through 5.14.13,"firewire subsystem, avc_ca_pmt in drivers/media/firewire/firedtv-avc.c and drivers/media/firewire/firedtv-ci.c"
CVE-2021-42756,,stack-based buffer overflow,arbitrary code execution,specifically crafted HTTP requests,unauthenticated remote attacker,FortiWeb,"5.x all versions, 6.0.7 and below, 6.1.2 and below, 6.2.6 and below, 6.3.16 and below, 6.4 all versions",proxy daemon
CVE-2021-42757,,buffer overflow,arbitrary code execution,specially crafted command line arguments,authenticated local attacker,FortiOS,before 6.4.7 and 7.0.0 through 7.0.2,TFTP client library
CVE-2021-42781,,Heap buffer overflow,potentially crash programs using the library,,,Opensc,before 0.22.0,pkcs15-oberthur.c
CVE-2021-42782,,Stack buffer overflow,potentially crash programs using the library,,,Opensc,before 0.22.0,various places
CVE-2021-45636,,stack-based buffer overflow,,,unauthenticated attacker,NETGEAR D7000,before 1.0.1.82,
CVE-2021-45637,,stack-based buffer overflow,,,unauthenticated attacker,"NETGEAR R6260, R6800, R6700v2, R6900v2, R7450, AC2100, AC2400, AC2600",various versions before specific releases,
CVE-2021-45638,,stack-based buffer overflow,,,unauthenticated attacker,"NETGEAR D6220, D6400, D7000v2, D8500, DC112A, R6300v2, R6400, R7000, R7100LG, RBS40V, RBW30, RS400, R7000P, R6900P",various versions before specific releases,
CVE-2021-45687,insufficient validation when serialize feature is used,memory corruption,,Deserialize operation,,raw-cpuid crate,before 9.1.1,
CVE-2021-45710,race condition,data race and memory corruption,,closed oneshot channel,,tokio crate,"before 1.8.4, and 1.9.x through 1.13.x before 1.13.1",
CVE-2021-45830,,heap-based buffer overflow,Denial of Service,,,HDF5,1.13.1-1,H5F_addr_decode_len in /hdf5/src/H5Fint.c
CVE-2021-45832,,Stack-based Buffer Overflow,Denial of Service,,,HDF5,1.13.1-1,hdf5/src/H5Eint.c
CVE-2021-45833,,Stack-based Buffer Overflow,Denial of Service,,,HDF5,1.13.1-1,H5D__create_chunk_file_map_hyper function in /hdf5/src/H5Dchunk.c
CVE-2021-45863,,heap-based buffer overflow,,,,tsMuxer,git-2678966,HevcUnit::updateBits in hevc.cpp
CVE-2021-45907,,stack-based buffer overflow,,for loop,,gif2apng,1.9,
CVE-2021-45908,,stack-based buffer overflow,,while loop,,gif2apng,1.9,
CVE-2021-45909,,heap-based buffer overflow,,,,gif2apng,1.9,DecodeLZW function
CVE-2021-45910,,heap-based buffer overflow,,,,gif2apng,1.9,main function
CVE-2021-45911,,heap-based buffer overflow,,,,gif2apng,1.9,main function
CVE-2021-45918,insufficient validation for input string length,heap-based buffer overflow,terminate service without authentication,,remote attacker,NHI's health insurance web service component,,
CVE-2021-45926,,stack-based buffer overflow,,,,MDB Tools,0.9.2,mdb_numeric_to_string
CVE-2021-45927,,stack-based buffer overflow,,,,MDB Tools,0.9.2,mdb_numeric_to_string
CVE-2021-45932,,heap-based buffer overflow,,,,wolfSSL wolfMQTT,1.9,MqttDecode_Publish
CVE-2021-45933,,heap-based buffer overflow,,,,wolfSSL wolfMQTT,1.9,MqttDecode_Publish
CVE-2021-45934,,heap-based buffer overflow,,,,wolfSSL wolfMQTT,1.9,MqttClient_DecodePacket
CVE-2021-45935,,heap-based buffer overflow,,,,Grok,9.5.0,openhtj2k::T1OpenHTJ2K::decompress
CVE-2021-45936,,heap-based buffer overflow,,,,wolfSSL wolfMQTT,1.9,MqttDecode_Disconnect
CVE-2021-45937,,heap-based buffer overflow,,,,wolfSSL wolfMQTT,1.9,MqttClient_DecodePacket
CVE-2021-45938,,heap-based buffer overflow,,,,wolfSSL wolfMQTT,1.9,MqttClient_DecodePacket
CVE-2021-45939,,heap-based buffer overflow,,,,wolfSSL wolfMQTT,1.9,MqttClient_DecodePacket
CVE-2021-45940,,heap-based buffer overflow,,,,libbpf,0.6.0 and 0.6.1,__bpf_object__open
CVE-2021-45941,,heap-based buffer overflow,,,,libbpf,0.6.0 and 0.6.1,__bpf_object__open
CVE-2021-45942,,heap-based buffer overflow,,,,OpenEXR,3.1.x before 3.1.4,Imf_3_1::LineCompositeTask::execute
CVE-2021-45943,,heap-based buffer overflow,,,,GDAL,3.3.0 through 3.4.0,PCIDSK::CPCIDSKFile::ReadFromFile
CVE-2021-45948,,heap-based buffer overflow,,,,Open Asset Import Library,5.1.0 and 5.1.1,_m3d_safestr
CVE-2021-45949,,heap-based buffer overflow,,,,Ghostscript GhostPDL,9.50 through 9.54.0,sampled_data_finish
CVE-2021-45958,,stack-based buffer overflow,,large amount of indentation,,UltraJSON,through 5.1.0,Buffer_AppendIndentUnchecked
CVE-2021-45972,value inside the input file determines the amount of data to write,stack-based buffer overflow,,input file,,giftrans,1.12.2,giftrans function
CVE-2021-45988,,stack overflow,Denial of Service (DoS),DnsForwardRule parameter,,Tenda routers G1 and G3,v15.11.0.17(9502)_CN,formAddDnsForward function
CVE-2021-45989,,stack overflow,Denial of Service (DoS),qosGuestUpstream and qosGuestDownstream parameters,,Tenda routers G1 and G3,v15.11.0.17(9502)_CN,guestWifiRuleRefresh function
CVE-2021-45991,,stack overflow,Denial of Service (DoS),vpnUsers parameter,,Tenda routers G1 and G3,v15.11.0.17(9502)_CN,formAddVpnUsers function
CVE-2021-45992,,stack overflow,Denial of Service (DoS),qvlanName parameter,,Tenda routers G1 and G3,v15.11.0.17(9502)_CN,formSetQvlanList function
CVE-2021-45993,,stack overflow,Denial of Service (DoS),IPMacBindRuleIP and IPMacBindRuleMac parameters,,Tenda routers G1 and G3,v15.11.0.17(9502)_CN,formIPMacBindModify function
CVE-2021-45994,,stack-based buffer overflow,Denial of Service (DoS),delDhcpIndex parameter,,Tenda routers G1 and G3,v15.11.0.17(9502)_CN,formDelDhcpRule function
CVE-2021-45995,,stack overflow,Denial of Service (DoS),"staticRouteNet, staticRouteMask, and staticRouteGateway parameters",,Tenda routers G1 and G3,v15.11.0.17(9502)_CN,formSetStaticRoute function
CVE-2021-45996,,stack overflow,Denial of Service (DoS),"portMappingServer, portMappingProtocol, portMappingWan, porMappingtInternal, and portMappingExternal parameters",,Tenda routers G1 and G3,v15.11.0.17(9502)_CN,formSetPortMapping function
CVE-2021-45997,,stack overflow,Denial of Service (DoS),"portMappingServer, portMappingProtocol, portMappingWan, porMappingtInternal, and portMappingExternal parameters",,Tenda routers G1 and G3,v15.11.0.17(9502)_CN,formSetPortMapping function
CVE-2021-46020,,untrusted pointer dereference,segmentation fault or application crash,,,mruby,v3.0.0,mrb_vm_exec()
CVE-2021-46023,,Untrusted Pointer Dereference,segmentation fault and application crash,,,mruby,before 3.1.0-rc,mrb_vm_exec
CVE-2021-46050,,Stack Overflow,,,,Binaryen,103,printf_common function
CVE-2021-46153,lack of proper validation of user-supplied data,memory corruption,execute code in the context of the current process,parsing NEU files,,Simcenter Femap,"V2020.2 (All versions), V2021.1 (All versions)",NEU file parser
CVE-2021-46154,lack of proper validation of the length of user-supplied data prior to copying it to a stack-based buffer,stack based buffer overflow,execute code in the context of the current process,parsing NEU files,,Simcenter Femap,"V2020.2 (All versions), V2021.1 (All versions)",NEU file parser
CVE-2021-46155,lack of proper validation of the length of user-supplied data prior to copying it to a stack-based buffer,stack based buffer overflow,execute code in the context of the current process,parsing NEU files,,Simcenter Femap,"V2020.2 (All versions), V2021.1 (All versions)",NEU file parser
CVE-2021-46157,lack of proper validation of user-supplied data,memory corruption,execute code in the context of the current process,parsing NEU files,,Simcenter Femap,"V2020.2 (All versions), V2021.1 (All versions)",NEU file parser
CVE-2021-46238,,stack overflow,"program crash, Denial of Service (DoS)",,,GPAC,v1.1.0,gf_node_get_name() function in scenegraph/base_scenegraph.c
CVE-2021-46262,,stack buffer overflow,Denial of Service (DoS),crafted overflow data,,Tenda AC Series Router,AC11_V02.03.01.104_CN,PPPoE module
CVE-2021-46263,,stack buffer overflow,Denial of Service (DoS),crafted overflow data,,Tenda AC Series Router,AC11_V02.03.01.104_CN,wifiTime module
CVE-2021-46264,,stack buffer overflow,Denial of Service (DoS),crafted overflow data,,Tenda AC Series Router,AC11_V02.03.01.104_CN,onlineList module
CVE-2021-46265,,stack buffer overflow,Denial of Service (DoS),crafted overflow data,,Tenda AC Series Router,AC11_V02.03.01.104_CN,wanBasicCfg module
CVE-2021-46321,,stack buffer overflow,Denial of Service (DoS),crafted overflow data,,Tenda AC Series Router,AC11_V02.03.01.104_CN,wifiBasicCfg module
CVE-2021-46324,,stack buffer overflow,,,,Espruino,2v11.251,jsvNewFromString in src/jsvar.c
CVE-2021-46325,,stack buffer overflow,,,,Espruino,2v10.246,vcbprintf in src/jsutils.c
CVE-2021-46334,,stack buffer overflow,,,,Moddable SDK,v11.5.0,__interceptor_strcat
CVE-2021-46393,lack of security check on v10 variable from http request parameter startIp,stack buffer overflow,remote code execution,POSTing to /goform/SetPptpServerCfg with proper startIp,,Tenda-AX3 router,V16.03.12.10_CN,formSetPPTPServer function
CVE-2021-46394,lack of security check on v13 variable from http request parameter startIp,stack buffer overflow,remote code execution,POSTing to /goform/SetPptpServerCfg with proper startIp,,Tenda-AX3 router,V16.03.12.10_CN,formSetPPTPServer function
CVE-2021-46408,,stack buffer overflow,Denial of Service (DoS),strcpy parameter,,Tenda AX12,v22.03.01.21,function sub_422CE4
CVE-2021-46474,,heap buffer overflow,Denial of Service (DoS),,,Jsish,v3.5.0,jsiEvalCodeSub in src/jsiEval.c
CVE-2021-46475,,heap buffer overflow,Denial of Service (DoS),,,Jsish,v3.5.0,jsi_ArraySliceCmd in src/jsiArray.c
CVE-2021-46477,,heap buffer overflow,Denial of Service (DoS),,,Jsish,v3.5.0,RegExp_constructor in src/jsiRegexp.c
CVE-2021-46478,,heap buffer overflow,Denial of Service (DoS),,,Jsish,v3.5.0,jsiClearStack in src/jsiEval.c
CVE-2021-46480,,heap buffer overflow,Denial of Service (DoS),,,Jsish,v3.5.0,jsiValueObjDelete in src/jsiEval.c
CVE-2021-46482,,heap buffer overflow,,,,Jsish,v3.5.0,NumberConstructor at src/jsiNumber.c
CVE-2021-46483,,heap buffer overflow,,,,Jsish,v3.5.0,BooleanConstructor at src/jsiBool.c
CVE-2021-46505,,stack overflow,,,,Jsish,v3.5.0,/usr/lib/x86_64-linux-gnu/libasan.so.4+0x5b1e5
CVE-2021-46507,,stack overflow,,,,Jsish,v3.5.0,Jsi_LogMsg at src/jsiUtils.c
CVE-2021-46509,,stack overflow,,,,Cesanta MJS,v2.20.0,snquote at mjs/src/mjs_json.c
CVE-2021-46518,,heap buffer overflow,,,,Cesanta MJS,v2.20.0,mjs_disown at src/mjs_core.c
CVE-2021-46519,,heap buffer overflow,,,,Cesanta MJS,v2.20.0,mjs_array_length at src/mjs_array.c
CVE-2021-46520,,heap buffer overflow,,,,Cesanta MJS,v2.20.0,mjs_jprintf at src/mjs_util.c
CVE-2021-46522,,heap buffer overflow,,,,Cesanta MJS,v2.20.0,/usr/lib/x86_64-linux-gnu/libasan.so.4+0xaff53
CVE-2021-46523,,heap buffer overflow,,,,Cesanta MJS,v2.20.0,to_json_or_debug at mjs/src/mjs_json.c
CVE-2021-46524,,heap buffer overflow,,,,Cesanta MJS,v2.20.0,snquote at mjs/src/mjs_json.c
CVE-2021-46527,,heap buffer overflow,,,,Cesanta MJS,v2.20.0,mjs_get_cstring at src/mjs_string.c
CVE-2021-46598,lack of proper validation of user-supplied data,memory corruption,execute arbitrary code,malicious page or file,remote attackers,Bentley MicroStation CONNECT,10.16.0.80,JT file parser
CVE-2021-46699,,stack based buffer overflow,execute code in the context of the current process,specially crafted BDF files,,Simcenter Femap,All versions < V2022.1.1,BDF file parser
CVE-2021-46768,Insufficient input validation,out-of-bounds memory reads,denial of service,,,SEV firmware,,ASP boot loader
CVE-2021-46814,,out-of-bounds memory read/write,affect system availability,,,,,video framework
CVE-2021-46822,mishandling of tjLoadImage,heap-based buffer overflow,,loading a 16-bit binary PPM file into a grayscale buffer or loading a 16-bit binary PGM file into an RGB buffer,,libjpeg-turbo,through 2.0.90,"PPM reader, get_word_rgb_row function in rdppm.c"
CVE-2021-46829,,heap-based buffer overflow,code execution,compositing or clearing frames in GIF files,,GNOME GdkPixbuf,before 2.42.8,io-gif-animation.c
CVE-2021-46848,ETYPE_OK off-by-one array size check,off-by-one array size check,,,,GNU Libtasn1,before 4.19.0,asn1_encode_simple_der
CVE-2022-0096,,Use after free,potentially exploit heap corruption,crafted HTML page,remote attacker,Google Chrome,prior to 97.0.4692.71,Storage
CVE-2022-0098,,Use after free,potentially exploit heap corruption,specific user gestures,,Google Chrome on Chrome OS,prior to 97.0.4692.71,Screen Capture
CVE-2022-0099,,Use after free,potentially exploit heap corruption,specific user gesture,remote attacker,Google Chrome,prior to 97.0.4692.71,Sign-in
CVE-2022-0100,,Heap buffer overflow,potentially exploit heap corruption,crafted HTML page,remote attacker,Google Chrome,prior to 97.0.4692.71,Media streams API
CVE-2022-0101,,Heap buffer overflow,potentially exploit heap corruption,specific user gesture,remote attacker,Google Chrome,prior to 97.0.4692.71,Bookmarks
CVE-2022-0102,,Type confusion,potentially exploit heap corruption,crafted HTML page,remote attacker,Google Chrome,prior to 97.0.4692.71,V8
CVE-2022-0103,,Use after free,potentially exploit heap corruption,crafted HTML page,remote attacker,Google Chrome,prior to 97.0.4692.71,SwiftShader
CVE-2022-0104,,Heap buffer overflow,potentially exploit heap corruption,crafted HTML page,remote attacker,Google Chrome,prior to 97.0.4692.71,ANGLE
CVE-2022-0105,,Use after free,potentially exploit heap corruption,crafted HTML page,remote attacker,Google Chrome,prior to 97.0.4692.71,PDF Accessibility
CVE-2022-0106,,Use after free,potentially exploit heap corruption,"crafted HTML page, specific user gesture",remote attacker,Google Chrome,prior to 97.0.4692.71,Autofill
CVE-2021-46238,,stack overflow,"program crash, Denial of Service (DoS)",,,GPAC,v1.1.0,gf_node_get_name() function in scenegraph/base_scenegraph.c
CVE-2021-46262,,stack buffer overflow,Denial of Service (DoS),crafted overflow data,,Tenda AC Series Router,AC11_V02.03.01.104_CN,PPPoE module
CVE-2021-46263,,stack buffer overflow,Denial of Service (DoS),crafted overflow data,,Tenda AC Series Router,AC11_V02.03.01.104_CN,wifiTime module
CVE-2021-46264,,stack buffer overflow,Denial of Service (DoS),crafted overflow data,,Tenda AC Series Router,AC11_V02.03.01.104_CN,onlineList module
CVE-2021-46265,,stack buffer overflow,Denial of Service (DoS),crafted overflow data,,Tenda AC Series Router,AC11_V02.03.01.104_CN,wanBasicCfg module
CVE-2021-46321,,stack buffer overflow,Denial of Service (DoS),crafted overflow data,,Tenda AC Series Router,AC11_V02.03.01.104_CN,wifiBasicCfg module
CVE-2021-46324,,stack buffer overflow,,,,Espruino,2v11.251,jsvNewFromString in src/jsvar.c
CVE-2021-46325,,stack buffer overflow,,,,Espruino,2v10.246,vcbprintf in src/jsutils.c
CVE-2021-46334,,stack buffer overflow,,,,Moddable SDK,v11.5.0,__interceptor_strcat
CVE-2021-46393,lack of security check on v10 variable from http request parameter startIp,stack buffer overflow,remote code execution,POSTing to /goform/SetPptpServerCfg with proper startIp,,Tenda-AX3 router,V16.03.12.10_CN,formSetPPTPServer function
CVE-2021-46394,lack of security check on v13 variable from http request parameter startIp,stack buffer overflow,remote code execution,POSTing to /goform/SetPptpServerCfg with proper startIp,,Tenda-AX3 router,V16.03.12.10_CN,formSetPPTPServer function
CVE-2021-46408,,stack buffer overflow,Denial of Service (DoS),strcpy parameter,,Tenda AX12,v22.03.01.21,function sub_422CE4
CVE-2021-46474,,heap buffer overflow,Denial of Service (DoS),,,Jsish,v3.5.0,jsiEvalCodeSub in src/jsiEval.c
CVE-2021-46475,,heap buffer overflow,Denial of Service (DoS),,,Jsish,v3.5.0,jsi_ArraySliceCmd in src/jsiArray.c
CVE-2021-46477,,heap buffer overflow,Denial of Service (DoS),,,Jsish,v3.5.0,RegExp_constructor in src/jsiRegexp.c
CVE-2021-46478,,heap buffer overflow,Denial of Service (DoS),,,Jsish,v3.5.0,jsiClearStack in src/jsiEval.c
CVE-2021-46480,,heap buffer overflow,Denial of Service (DoS),,,Jsish,v3.5.0,jsiValueObjDelete in src/jsiEval.c
CVE-2021-46482,,heap buffer overflow,,,,Jsish,v3.5.0,NumberConstructor at src/jsiNumber.c
CVE-2021-46483,,heap buffer overflow,,,,Jsish,v3.5.0,BooleanConstructor at src/jsiBool.c
CVE-2021-46505,,stack overflow,,,,Jsish,v3.5.0,/usr/lib/x86_64-linux-gnu/libasan.so.4+0x5b1e5
CVE-2021-46507,,stack overflow,,,,Jsish,v3.5.0,Jsi_LogMsg at src/jsiUtils.c
CVE-2021-46509,,stack overflow,,,,Cesanta MJS,v2.20.0,snquote at mjs/src/mjs_json.c
CVE-2021-46518,,heap buffer overflow,,,,Cesanta MJS,v2.20.0,mjs_disown at src/mjs_core.c
CVE-2021-46519,,heap buffer overflow,,,,Cesanta MJS,v2.20.0,mjs_array_length at src/mjs_array.c
CVE-2021-46520,,heap buffer overflow,,,,Cesanta MJS,v2.20.0,mjs_jprintf at src/mjs_util.c
CVE-2021-46522,,heap buffer overflow,,,,Cesanta MJS,v2.20.0,/usr/lib/x86_64-linux-gnu/libasan.so.4+0xaff53
CVE-2021-46523,,heap buffer overflow,,,,Cesanta MJS,v2.20.0,to_json_or_debug at mjs/src/mjs_json.c
CVE-2021-46524,,heap buffer overflow,,,,Cesanta MJS,v2.20.0,snquote at mjs/src/mjs_json.c
CVE-2021-46527,,heap buffer overflow,,,,Cesanta MJS,v2.20.0,mjs_get_cstring at src/mjs_string.c
CVE-2021-46598,lack of proper validation of user-supplied data,memory corruption,execute arbitrary code,malicious page or file,remote attackers,Bentley MicroStation CONNECT,10.16.0.80,JT file parser
CVE-2021-46699,,stack based buffer overflow,execute code in the context of the current process,specially crafted BDF files,,Simcenter Femap,All versions < V2022.1.1,BDF file parser
CVE-2021-46768,Insufficient input validation,out-of-bounds memory reads,denial of service,,,SEV firmware,,ASP boot loader
CVE-2021-46814,,out-of-bounds memory read/write,affect system availability,,,,,video framework
CVE-2021-46822,mishandling of tjLoadImage,heap-based buffer overflow,,loading a 16-bit binary PPM file into a grayscale buffer or loading a 16-bit binary PGM file into an RGB buffer,,libjpeg-turbo,through 2.0.90,"PPM reader, get_word_rgb_row function in rdppm.c"
CVE-2021-46829,,heap-based buffer overflow,code execution,compositing or clearing frames in GIF files,,GNOME GdkPixbuf,before 2.42.8,io-gif-animation.c
CVE-2021-46848,ETYPE_OK off-by-one array size check,off-by-one array size check,,,,GNU Libtasn1,before 4.19.0,asn1_encode_simple_der
CVE-2022-0096,,Use after free,potentially exploit heap corruption,crafted HTML page,remote attacker,Google Chrome,prior to 97.0.4692.71,Storage
CVE-2022-0098,,Use after free,potentially exploit heap corruption,specific user gestures,,Google Chrome on Chrome OS,prior to 97.0.4692.71,Screen Capture
CVE-2022-0099,,Use after free,potentially exploit heap corruption,specific user gesture,remote attacker,Google Chrome,prior to 97.0.4692.71,Sign-in
CVE-2022-0100,,Heap buffer overflow,potentially exploit heap corruption,crafted HTML page,remote attacker,Google Chrome,prior to 97.0.4692.71,Media streams API
CVE-2022-0101,,Heap buffer overflow,potentially exploit heap corruption,specific user gesture,remote attacker,Google Chrome,prior to 97.0.4692.71,Bookmarks
CVE-2022-0102,,Type confusion,potentially exploit heap corruption,crafted HTML page,remote attacker,Google Chrome,prior to 97.0.4692.71,V8
CVE-2022-0103,,Use after free,potentially exploit heap corruption,crafted HTML page,remote attacker,Google Chrome,prior to 97.0.4692.71,SwiftShader
CVE-2022-0104,,Heap buffer overflow,potentially exploit heap corruption,crafted HTML page,remote attacker,Google Chrome,prior to 97.0.4692.71,ANGLE
CVE-2022-0105,,Use after free,potentially exploit heap corruption,crafted HTML page,remote attacker,Google Chrome,prior to 97.0.4692.71,PDF Accessibility
CVE-2022-0106,,Use after free,potentially exploit heap corruption,"crafted HTML page, specific user gesture",remote attacker,Google Chrome,prior to 97.0.4692.71,Autofill
CVE-2022-0261,,Heap-based Buffer Overflow,,,,vim,prior to 8.2,
CVE-2022-0289,,Use after free,potentially exploit heap corruption,crafted HTML page,remote attacker,Google Chrome,prior to 97.0.4692.99,Safe browsing
CVE-2022-0293,,Use after free,potentially exploit heap corruption,crafted HTML page,remote attacker,Google Chrome,prior to 97.0.4692.99,Web packaging
CVE-2022-0295,,Use after free,potentially exploit heap corruption,"crafted HTML page, specific user interactions",remote attacker,Google Chrome,prior to 97.0.4692.99,Omnibox
CVE-2022-0296,,Use after free,potentially exploit heap corruption,"crafted HTML page, specific user interactions",remote attacker,Google Chrome,prior to 97.0.4692.99,Printing
CVE-2022-0297,,Use after free,potentially exploit heap corruption,crafted HTML page,remote attacker,Google Chrome,prior to 97.0.4692.99,Vulkan
CVE-2022-0298,,Use after free,potentially exploit heap corruption,crafted HTML page,remote attacker,Google Chrome,prior to 97.0.4692.99,Scheduling
CVE-2022-0300,,Use after free,potentially exploit heap corruption,"crafted HTML page, specific user interactions",remote attacker,Google Chrome on Android,prior to 97.0.4692.99,Text Input Method Editor
CVE-2022-0301,,Heap buffer overflow,potentially exploit heap corruption,"crafted HTML page, malicious extension",,Google Chrome,prior to 97.0.4692.99,DevTools
CVE-2022-0302,,Use after free,potentially exploit heap corruption,"crafted HTML page, specific user interactions",,Google Chrome,prior to 97.0.4692.99,Omnibox
CVE-2022-0304,,Use after free,potentially exploit heap corruption,"crafted HTML page, specific user interactions",remote attacker,Google Chrome,prior to 97.0.4692.99,Bookmarks
CVE-2022-0306,,Heap buffer overflow,potentially exploit heap corruption,crafted HTML page,remote attacker,Google Chrome,prior to 97.0.4692.99,PDFium
CVE-2022-0307,,Use after free,potentially exploit heap corruption,"crafted HTML page, specific user interaction",remote attacker,Google Chrome,prior to 97.0.4692.99,Optimization Guide
CVE-2022-0308,,Use after free,potentially exploit heap corruption,"crafted HTML page, specific user interaction",remote attacker,Google Chrome on Chrome OS,prior to 97.0.4692.99,Data Transfer
CVE-2022-0310,,Heap buffer overflow,potentially exploit heap corruption,specific user interactions,remote attacker,Google Chrome,prior to 97.0.4692.99,Task Manager
CVE-2022-0311,,Heap buffer overflow,potentially exploit heap corruption,"crafted HTML page, specific user interaction",remote attacker,Google Chrome,prior to 97.0.4692.99,Task Manager
CVE-2022-0318,,Heap-based Buffer Overflow,,,,vim,prior to 8.2,
CVE-2022-0367,,heap-based buffer overflow,,,,libmodbus,,modbus_reply() function in src/modbus.c
CVE-2022-0435,,stack overflow,crash the system or possibly escalate privileges,packet with malicious content where the number of domain member nodes is higher than the 64 allowed,remote user,Linux kernel,,TIPC protocol functionality
CVE-2022-0453,,Use after free,potentially exploit heap corruption,crafted HTML page,remote attacker who had compromised the renderer process,Google Chrome,prior to 98.0.4758.80,Reader Mode
CVE-2022-0454,,Heap buffer overflow,potentially exploit heap corruption,crafted HTML page,remote attacker,Google Chrome,prior to 98.0.4758.80,ANGLE
CVE-2022-0456,,Use after free,potentially exploit heap corruption,profile destruction,remote attacker,Google Chrome,prior to 98.0.4758.80,Web Search
CVE-2022-0457,,Type confusion,potentially exploit heap corruption,crafted HTML page,remote attacker,Google Chrome,prior to 98.0.4758.80,V8
CVE-2022-0458,,Use after free,potentially exploit heap corruption,crafted HTML page,remote attacker,Google Chrome,prior to 98.0.4758.80,Thumbnail Tab Strip
CVE-2022-0459,,Use after free,potentially exploit heap corruption,"crafted HTML page, specific user interaction",remote attacker who had compromised the renderer process,Google Chrome,prior to 98.0.4758.80,Screen Capture
CVE-2022-0460,,Use after free,potentially exploit heap corruption,crafted HTML page,remote attacker,Google Chrome,prior to 98.0.4758.80,Window Dialogue
CVE-2022-0463,,Use after free,potentially exploit heap corruption,specific user interaction,remote attacker,Google Chrome,prior to 98.0.4758.80,Accessibility
CVE-2022-0464,,Use after free,potentially exploit heap corruption,specific user interaction,remote attacker,Google Chrome,prior to 98.0.4758.80,Accessibility
CVE-2022-0465,,Use after free,potentially exploit heap corruption,user interaction,remote attacker,Google Chrome,prior to 98.0.4758.80,Extensions
CVE-2022-0468,,Use after free,potentially exploit heap corruption,crafted HTML page,remote attacker,Google Chrome,prior to 98.0.4758.80,Payments
CVE-2022-0469,,Use after free,potentially exploit heap corruption,"crafted HTML page, specific interactions",remote attacker,Google Chrome,prior to 98.0.4758.80,Cast
CVE-2022-0470,,Out of bounds memory access,potentially exploit heap corruption,crafted HTML page,remote attacker,Google Chrome,prior to 98.0.4758.80,V8
CVE-2022-0500,unrestricted eBPF usage by the BPF_BTF_LOAD,out-of-bounds memory write,crash or escalate privileges,,local user,Linux kernel,,BPF subsystem
CVE-2022-0518,,Heap-based Buffer Overflow,,,,radare2,prior to 5.6.2,
CVE-2022-0530,conversion of a wide string to a local string,heap out-of-bound write,crash or code execution,specially crafted zip file,,Unzip,,
CVE-2022-0544,integer underflow,out-of-bounds read,read sensitive data,crafted DDS image file,,Blender,"prior to 2.83.19, 2.93.8 and 3.1",DDS loader
CVE-2022-0545,integer overflow,"write-what-where, out-of-bounds read",leak sensitive information or achieve code execution,specially crafted image file,,Blender,"prior to 2.83.19, 2.93.8 and 3.1",2D image processing
CVE-2022-0572,,Heap-based Buffer Overflow,,,,vim,prior to 8.2,
CVE-2022-0603,,Use after free,potentially exploit heap corruption,crafted HTML page,remote attacker,Google Chrome on Chrome OS,prior to 98.0.4758.102,File Manager
CVE-2022-0604,,Heap buffer overflow,potentially exploit heap corruption,"crafted HTML page, malicious extension, specific user interaction",,Google Chrome,prior to 98.0.4758.102,Tab Groups
CVE-2022-0605,,Use after free,potentially exploit heap corruption,"crafted HTML page, malicious extension, specific user interaction",,Google Chrome,prior to 98.0.4758.102,Webstore API
CVE-2022-0606,,Use after free,potentially exploit heap corruption,crafted HTML page,remote attacker,Google Chrome,prior to 98.0.4758.102,ANGLE
CVE-2022-0607,,Use after free,potentially exploit heap corruption,crafted HTML page,remote attacker,Google Chrome,prior to 98.0.4758.102,GPU
CVE-2022-0608,,Integer overflow,potentially exploit heap corruption,crafted HTML page,remote attacker,Google Chrome,prior to 98.0.4758.102,Mojo
CVE-2022-0609,,Use after free,potentially exploit heap corruption,crafted HTML page,remote attacker,Google Chrome,prior to 98.0.4758.102,Animation
CVE-2022-0610,,Inappropriate implementation,potentially exploit heap corruption,crafted HTML page,remote attacker,Google Chrome,prior to 98.0.4758.102,Gamepad API
CVE-2022-0646,user triggers cancel_work_sync after the unregister_netdev during removing device,use after free,crash the system or escalate privileges,,local user,Linux kernel,5.17-rc1 to 5.17-rc5,Management Component Transport Protocol (MCTP) subsystem
CVE-2022-0676,,Heap-based Buffer Overflow,,,,radare2,prior to 5.6.4,
CVE-2022-0713,,Heap-based Buffer Overflow,,,,radare2,prior to 5.6.4,
CVE-2022-1311,,Use after free,potentially exploit heap corruption,crafted HTML page,remote attacker,Google Chrome on ChromeOS,prior to 100.0.4896.88,shell
CVE-2022-1313,,Use after free,potentially exploit heap corruption,crafted HTML page,remote attacker,Google Chrome,prior to 100.0.4896.88,tab groups
CVE-2022-1314,,Type confusion,potentially exploit heap corruption,crafted HTML page,remote attacker,Google Chrome,prior to 100.0.4896.88,V8
CVE-2022-1354,,heap buffer overflow,"crash, denial of service",crafted TIFF file,,Libtiff,,"tiffinfo.c, TIFFReadRawDataStriped() function"
CVE-2022-1364,,Type confusion,potentially exploit heap corruption,crafted HTML page,remote attacker,Google Chrome,prior to 100.0.4896.127,V8 Turbofan
CVE-2022-1383,program reads data past the end of the intended buffer,Heap-based Buffer Overflow,read sensitive information from other memory locations or cause a crash,,,radare2,prior to 5.6.8,
CVE-2022-1437,program reads data past the end of the intended buffer,Heap-based Buffer Overflow,read sensitive information from other memory locations or cause a crash,,,radare2,prior to 5.7.0,
CVE-2022-1462,race condition,out-of-bounds read,crash the system or read unauthorized random data from memory,ioctls TIOCSPTLCK and TIOCGPTPEER and TIOCSTI and TCXONC,local user,Linux kernel,,"TeleTYpe subsystem, flush_to_ldisc function"
CVE-2022-1477,,Use after free,potentially exploit heap corruption,crafted HTML page,remote attacker,Google Chrome,prior to 101.0.4951.41,Vulkan
CVE-2022-1478,,Use after free,potentially exploit heap corruption,crafted HTML page,remote attacker,Google Chrome,prior to 101.0.4951.41,SwiftShader
CVE-2022-1479,,Use after free,potentially exploit heap corruption,crafted HTML page,remote attacker,Google Chrome,prior to 101.0.4951.41,ANGLE
CVE-2022-1481,,Use after free,potentially exploit heap corruption,"crafted HTML page, specific user interaction",remote attacker,Google Chrome on Mac,prior to 101.0.4951.41,Sharing
CVE-2022-1482,,Inappropriate implementation,potentially exploit heap corruption,crafted HTML page,remote attacker,Google Chrome,prior to 101.0.4951.41,WebGL
CVE-2022-1483,,Heap buffer overflow,potentially exploit heap corruption,crafted HTML page,remote attacker who had compromised the renderer process,Google Chrome,prior to 101.0.4951.41,WebGPU
CVE-2022-1484,,Heap buffer overflow,potentially exploit heap corruption,crafted HTML page,remote attacker,Google Chrome,prior to 101.0.4951.41,Web UI Settings
CVE-2022-1485,,Use after free,potentially exploit heap corruption,crafted HTML page,remote attacker,Google Chrome,prior to 101.0.4951.41,File System API
CVE-2022-1487,,Use after free,potentially exploit heap corruption,running a Wayland test,remote attacker,Google Chrome,prior to 101.0.4951.41,Ozone
CVE-2022-1489,,Out of bounds memory access,potentially exploit heap corruption,specific user interactions,remote attacker,"Google Chrome on Chrome OS, Lacros",prior to 101.0.4951.41,UI Shelf
CVE-2022-1490,,Use after free,potentially exploit heap corruption,"crafted HTML page, specific user interaction",remote attacker,Google Chrome,prior to 101.0.4951.41,Browser Switcher
CVE-2022-1491,,Use after free,potentially exploit heap corruption,specific and direct user interaction,remote attacker,Google Chrome,prior to 101.0.4951.41,Bookmarks
CVE-2022-1493,,Use after free,potentially exploit heap corruption,specific and direct user interaction,remote attacker,Google Chrome,prior to 101.0.4951.41,Dev Tools
CVE-2022-1496,,Use after free,potentially exploit heap corruption,specific and direct user interaction,remote attacker,Google Chrome,prior to 101.0.4951.41,File Manager
CVE-2022-1516,,NULL pointer dereference,crash the system,terminating session using a simulated Ethernet card and continued usage of this connection,local user,Linux kernel,,X.25 set of standardized network protocols functionality
CVE-2022-1523,,write-what-where condition,overwrite program memory to manipulate the flow of information,,,Fuji Electric D300win,prior to 3.7.1.17,
CVE-2022-1543,Improper handling of Length parameter,memory corruption,momentary outage in a production environment,large text size,,scoold,prior to 1.49.4,
CVE-2022-1621,,Heap buffer overflow,"crashing software, Bypass Protection Mechanism, Modify Memory, possible remote execution",,,vim,prior to 8.2.4919,vim_strncpy find_word
CVE-2022-1629,,Buffer Over-read,"crashing software, Modify Memory, possible remote execution",,,vim,prior to 8.2.4925,find_next_quote function
CVE-2022-1633,,Use after free,potentially exploit heap corruption,specific UI interactions,remote attacker,Google Chrome on Chrome OS,prior to 101.0.4951.64,Sharesheet
CVE-2022-1634,,Use after free,potentially exploit heap corruption,specific UI interactions,remote attacker,Google Chrome,prior to 101.0.4951.64,Browser UI
CVE-2022-1635,,Use after free,potentially exploit heap corruption,specific UI interactions,remote attacker,Google Chrome,prior to 101.0.4951.64,Permission Prompts
CVE-2022-1636,,Use after free,potentially exploit heap corruption,crafted HTML page,remote attacker,Google Chrome,prior to 101.0.4951.64,Performance APIs
CVE-2022-1638,,Heap buffer overflow,potentially exploit heap corruption,crafted HTML page,remote attacker,Google Chrome,prior to 101.0.4951.64,V8 Internationalization
CVE-2022-1639,,Use after free,potentially exploit heap corruption,crafted HTML page,remote attacker,Google Chrome,prior to 101.0.4951.64,ANGLE
CVE-2022-1640,,Use after free,potentially exploit heap corruption,"crafted HTML page, specific UI interactions",remote attacker,Google Chrome,prior to 101.0.4951.64,Sharing
CVE-2022-1641,,Use after free,potentially exploit heap corruption,specific user interaction,remote attacker,Google Chrome on Chrome OS,prior to 101.0.4951.64,Web UI Diagnostics
CVE-2022-1649,,Null pointer dereference,,,,radare2,prior to 5.7.0,libr/bin/format/mach0/mach0.c
CVE-2022-1714,program reads data past the end of the intended buffer,Out-of-bounds Read,read sensitive information from other memory locations or cause a crash,,,radare2,prior to 5.7.0,
CVE-2022-1720,,Buffer Over-read,"crashing the software, memory modification, possible remote execution",,,vim,prior to 8.2.4956,grab_file_name function
CVE-2022-1733,,Heap-based Buffer Overflow,,,,vim,prior to 8.2.4968,
CVE-2022-1734,non synchronized between cleanup routine and firmware download routine,use after free,,,,Linux Kernel,,nfcmrvl_nci_unregister_dev() in drivers/nfc/nfcmrvl/main.c
CVE-2022-1769,,Buffer Over-read,,,,vim,prior to 8.2.4974,
CVE-2022-1854,,Use after free,potentially exploit heap corruption,crafted HTML page,remote attacker,Google Chrome,prior to 102.0.5005.61,ANGLE
CVE-2022-1855,,Use after free,potentially exploit heap corruption,crafted HTML page,remote attacker,Google Chrome,prior to 102.0.5005.61,Messaging
CVE-2022-1856,,Use after free,potentially exploit heap corruption,crafted Chrome Extension or specific user interaction,,Google Chrome,prior to 102.0.5005.61,User Education
CVE-2022-1859,,Use after free,potentially exploit heap corruption,"crafted HTML page, specific user interaction",remote attacker,Google Chrome,prior to 102.0.5005.61,Performance Manager
CVE-2022-1860,,Use after free,potentially exploit heap corruption,specific user interactions,remote attacker,Google Chrome on Chrome OS,prior to 102.0.5005.61,UI Foundations
CVE-2022-1861,,Use after free,potentially exploit heap corruption,specific user interaction,remote attacker,Google Chrome on Chrome OS,prior to 102.0.5005.61,Sharing
CVE-2022-1863,,Use after free,potentially exploit heap corruption,crafted Chrome Extension and specific user interaction,attacker who convinced a user to install a malicious extension,Google Chrome,prior to 102.0.5005.61,Tab Groups
CVE-2022-1864,,Use after free,potentially exploit heap corruption,crafted Chrome Extension and specific user interaction,attacker who convinced a user to install a malicious extension,Google Chrome,prior to 102.0.5005.61,WebApp Installs
